{
    "PPT_MMAT5390Lecture1_page_024.png": 0.0,
    "PPT_linear-algebra primer_page_007.png": 0.75,
    "book_en_国外数学教材-An Excursion through Elementary Mathematics（初等数学漫游）-An excursion through elementary mathematics, Vol.3 (Caminha Muniz Neto A)_0100.png": 0.5493827160493827,
    "book_en_国外数学教材-非数学专业教材-线性代数-Gilbert Strang—Linear Algebra and Its Applications 4e_0017.png": 0.07142857142857142,
    "book_zh_GB149361994_extracted_page_7.png": 0.5227272727272727,
    "docstructbench_llm-raw-scihub-o.O-s00128-008-9367-z.pdf_4.jpg": 0.6178861788617886,
    "exam_paper_en-file-putnam-archive_1996_Solutions_1996s_page_002.png": 0.8352826510721247,
    "exam_paper_en-file-putnam-archive_2002_Solutions_2002s_page_001.png": 0.6881028938906752,
    "exam_paper_en-file-putnam-archive_2007_Solutions_2007s_page_004.png": 0.7040417209908736,
    "exam_paper_en-file-putnam-archive_2013_Problems_2013_page_002.png": 0.24,
    "jiaocaineedrop_20608808.pdf_0.jpg": 0.8056338028169014,
    "jiaocaineedrop_jiaocai_needrop_en_1276.jpg": 0.4791666666666667,
    "jiaocaineedrop_jiaocai_needrop_en_2718.jpg": 0.22826086956521738,
    "jiaocaineedrop_jiaocai_needrop_en_541.jpg": 0.5139664804469274,
    "page-0a262e27-b24d-4429-9b21-90563d4fada7.png": 0.4117647058823529,
    "page-47977c29-59ca-4534-9a00-becad3bfdaa4.png": 0.6529090004972651,
    "page-573c437e-c309-4483-a038-ef2f440b104a.png": 0.47651006711409394,
    "page-8cbbe0d4-a3a8-4533-a620-048bebfa714b.png": 0.6896,
    "page-961a543b-d09d-4fd8-944a-1a38d67bb3bc.png": 0.22440944881889763,
    "page-b13fef06-6ae9-4b2d-a948-0340e03f97ce.png": 0.6440677966101694,
    "page-c1c135ad-427e-482b-b01c-05c0ccbc6e76.png": 0.7283464566929134,
    "page-d43b98f8-6a96-44f8-a3cf-65de9397f582.png": 0.8532110091743119,
    "page-e4053f20-e6e6-430e-83ef-db298a3199aa.png": 0.696756545525596
}