{
    "PPT_8076_MEYER_Chapter_2_-_Language_Change_page_021.png": 1.0,
    "PPT_Catalysis.ppt_page_016.png": 0.4540162980209546,
    "docstructbench_dianzishu_zhongwenzaixian-o.O-61520612.pdf_140.jpg": 0.6167133520074697,
    "docstructbench_dianzishu_zhongwenzaixian-o.O-63677793.pdf_332.jpg": 0.45181347150259066,
    "docstructbench_llm-raw-scihub-o.O-s00128-008-9367-z.pdf_4.jpg": 0.7789496340938442,
    "docstructbench_llm-raw-scihub-o.O-s0167-8655%2800%2900107-0.pdf_6.jpg": 0.6918016194331984,
    "docstructbench_llm-raw-the-eye-o.O-Character%20Sheet%20-%20Form%20Fillable.pdf_2.jpg": 1.0,
    "eastmoney_0022ae8eddb0de117978289e16ba7fe995dddd3f64aca9e147bb07c848c84aa6.pdf_8.jpg": 0.6594816525532461,
    "eastmoney_7f55aa1223310144165074707803522240cf20120b15f5d78fdf61eb4dcefba3.pdf_2.jpg": 0.7306369944364568,
    "eastmoney_d2bb183f5254ede5760932ac3118524aa7eddad551935713b435541f1525c1ee.pdf_3.jpg": 0.7178217821782178,
    "eastmoney_fdae27854b0cffed1364e2a4457189b2a10ad0b058242ee3c8c9ee8993d7f5c0.pdf_1.jpg": 0.6581560283687943,
    "jiaocaineedrop_20608808.pdf_0.jpg": 1.0,
    "jiaocaineedrop_jiaocai_needrop_en_2884.jpg": 0.7089820359281437,
    "newspaper_2a6b4fa088699701a6fa9ccecfb5c25d_1.jpg": 1.0,
    "notes_1ba14cb325bc448f7201b20502ecf2b5_55.jpg": 1.0,
    "notes_1ba14cb325bc448f7201b20502ecf2b5_96.jpg": 0.993859698312118,
    "page-1f03d0f2-1166-4b9b-9609-94bf8bfd29b2.png": 0.8402777777777778,
    "page-573c437e-c309-4483-a038-ef2f440b104a.png": 0.6773888363292336,
    "page-66aa2b38-32c0-4222-839a-50df648218df.png": 1.0,
    "page-b9d507e7-1239-42de-b70a-d7ca65393dc9.png": 0.6861435726210351,
    "page-f8fad378-8ee9-4bb0-b195-35a4d55f3113.png": 0.7568345323741007,
    "yanbaopptmerge_6ffacf656934424ef14b39750f1d93926693dd8b7fa925859f1349d253ba2566.pdf_2.jpg": 1.0
}