{
    "PPT_1001115_eng_page_003.png": 0.0,
    "PPT_8076_MEYER_Chapter_2_-_Language_Change_page_021.png": 0.0,
    "PPT_Catalysis.ppt_page_016.png": 1.0,
    "PPT_MMAT5390Lecture1_page_024.png": 0.0,
    "PPT_all655920_page_008.png": 0.0,
    "PPT_english-studies-s6-on-the-road-resource-3_page_003.png": 0.0,
    "PPT_linear-algebra primer_page_007.png": 0.03225806451612903,
    "book_en_40.Puzzles.and.Problems.in.Probability.and.Mathematical.Statistics,.Schwarz,.Springer,.2008_page_064.png": 0.032857142857142856,
    "book_en_国外数学教材-An Excursion through Elementary Mathematics（初等数学漫游）-An excursion through elementary mathematics, Vol.3 (Caminha Muniz Neto A)_0100.png": 0.2626689189189189,
    "book_en_国外数学教材-非数学专业教材-线性代数-Gilbert Strang—Linear Algebra and Its Applications 4e_0017.png": 0.02528735632183908,
    "book_en_搬书匠-3396-iPhone The Missing Manual 10th Edition-2017-英文版_page_099.png": 0.009575923392612859,
    "book_zh_GB149361994_extracted_page_7.png": 0.6428571428571429,
    "color_textbook_zhonggaokao_小学_13.人教新起点英语（4-5年级）_人教新起点四年级英语上册_课本_人教新起点英语4A电子课本_page_072.png": 0.00273224043715847,
    "color_textbook_教材全解1+1二年级上册英语上海牛津版_page_030.png": 0.4087403598971722,
    "docstructbench_00039896.1983.10545823.pdf_1.jpg": 0.14103275957801223,
    "docstructbench_dianzishu_zhongwenzaixian-o.O-63686436.pdf_57.jpg": 0.18991097922848665,
    "docstructbench_enbook-zlib-o.O-19221575.pdf_1173.jpg": 0.5447787610619469,
    "docstructbench_llm-raw-scihub-o.O-ajhb.10190.pdf_5.jpg": 0.16946842344388915,
    "docstructbench_llm-raw-scihub-o.O-chin.201023119.pdf_1.jpg": 0.27638190954773867,
    "docstructbench_llm-raw-scihub-o.O-j.1365-2818.2003.01210.x.pdf_7.jpg": 0.030592734225621414,
    "docstructbench_llm-raw-scihub-o.O-j.ergon.2006.10.025.pdf_6.jpg": 0.6648634027589938,
    "docstructbench_llm-raw-scihub-o.O-s00128-008-9367-z.pdf_4.jpg": 0.11819980217606331,
    "docstructbench_llm-raw-scihub-o.O-s0167-8655%2800%2900107-0.pdf_6.jpg": 0.03189066059225513,
    "eastmoney_0022ae8eddb0de117978289e16ba7fe995dddd3f64aca9e147bb07c848c84aa6.pdf_8.jpg": 0.6822810590631364,
    "eastmoney_7f55aa1223310144165074707803522240cf20120b15f5d78fdf61eb4dcefba3.pdf_2.jpg": 0.6923076923076923,
    "eastmoney_d2bb183f5254ede5760932ac3118524aa7eddad551935713b435541f1525c1ee.pdf_3.jpg": 0.37770897832817335,
    "eastmoney_fdae27854b0cffed1364e2a4457189b2a10ad0b058242ee3c8c9ee8993d7f5c0.pdf_1.jpg": 0.9506130202037645,
    "exam_paper_en-file-putnam-archive_1996_Solutions_1996s_page_002.png": 0.8961887477313975,
    "exam_paper_en-file-putnam-archive_2002_Solutions_2002s_page_001.png": 0.7197518097207859,
    "exam_paper_en-file-putnam-archive_2007_Solutions_2007s_page_004.png": 0.669984076433121,
    "exam_paper_en-file-putnam-archive_2013_Problems_2013_page_002.png": 0.05389908256880734,
    "jiaocaineedrop_20608808.pdf_0.jpg": 0.8027972027972028,
    "jiaocaineedrop_Chap11.pdf_10.jpg": 0.020774845592363842,
    "jiaocaineedrop_chap10.pdf_8.jpg": 0.054231717337715694,
    "jiaocaineedrop_jiaocai_needrop_en_1249.jpg": 0.15453005927180355,
    "jiaocaineedrop_jiaocai_needrop_en_1276.jpg": 0.43392070484581496,
    "jiaocaineedrop_jiaocai_needrop_en_1564.jpg": 0.8202797202797203,
    "jiaocaineedrop_jiaocai_needrop_en_1836.jpg": 0.8822618125484121,
    "jiaocaineedrop_jiaocai_needrop_en_2374.jpg": 0.549831081081081,
    "jiaocaineedrop_jiaocai_needrop_en_2718.jpg": 0.7763157894736842,
    "jiaocaineedrop_jiaocai_needrop_en_2884.jpg": 0.15286624203821655,
    "jiaocaineedrop_jiaocai_needrop_en_377.jpg": 0.9281208181991971,
    "jiaocaineedrop_jiaocai_needrop_en_541.jpg": 0.3508771929824561,
    "jiaocaineedrop_jiaocai_needrop_en_669.jpg": 0.3025809994508512,
    "magazine_TheEconomist.2023.11.18_page_082.png": 0.7673753066230581,
    "magazine_TheEconomist.2023.12.16_page_037.png": 0.8743305962156372,
    "magazine_TheEconomist.2024.03.02_page_032.png": 0.9208176691729323,
    "newspaper_019d4d5296ba8f1c21277d72fb0cf0db_1.jpg": 0.9866656678402876,
    "newspaper_2a6b4fa088699701a6fa9ccecfb5c25d_1.jpg": 0.696207018787664,
    "newspaper_2a6b4fa088699701a6fa9ccecfb5c25d_9.jpg": 0.993982340700748,
    "newspaper_5e266dfd9c498cab274e12a7b4a75755_1.jpg": 0.9881893299802407,
    "newspaper_9bb9e05d38b370251a4b0a8d070d1d55_1.jpg": 0.9404141218531208,
    "newspaper_The Globe and Mail - 2025-1-8@magazinesclubnew_page_027.png": 0.8715983135300882,
    "newspaper_TheGuardianUS-2025-1-8@magazinesclubnew_page_015.png": 0.7625,
    "newspaper_bd75af5f4791aa56ef05ce2443e8a7e0_1.jpg": 0.9846404047705096,
    "newspaper_e567840b2e327602422573ccdc1c4275_1.jpg": 0.9298775075448251,
    "notes_1ba14cb325bc448f7201b20502ecf2b5_10.jpg": 0.5096618357487923,
    "notes_1ba14cb325bc448f7201b20502ecf2b5_126.jpg": 0.9914893617021276,
    "notes_1ba14cb325bc448f7201b20502ecf2b5_55.jpg": 0.5727699530516432,
    "notes_f7f010b78016aeebd76e56d9283eb67f_115.jpg": 0.4590009425070688,
    "notes_f7f010b78016aeebd76e56d9283eb67f_45.jpg": 0.2309552599758162,
    "notes_f7f010b78016aeebd76e56d9283eb67f_72.jpg": 0.4772117962466488,
    "page-07088b2f-f9d6-4c38-9c97-d7f98bc3d556.png": 0.9844251030691709,
    "page-0a262e27-b24d-4429-9b21-90563d4fada7.png": 0.014234875444839857,
    "page-1f03d0f2-1166-4b9b-9609-94bf8bfd29b2.png": 0.6137931034482759,
    "page-39abce32-298b-42ab-8c46-b4fbfbcaa674.png": 0.31,
    "page-47977c29-59ca-4534-9a00-becad3bfdaa4.png": 0.007936507936507936,
    "page-52875b3d-f4dc-44c2-a9bb-514b0763833d.png": 0.8098223615464994,
    "page-573c437e-c309-4483-a038-ef2f440b104a.png": 0.008108108108108109,
    "page-66aa2b38-32c0-4222-839a-50df648218df.png": 0.999766736645673,
    "page-8cbbe0d4-a3a8-4533-a620-048bebfa714b.png": 0.22749391727493917,
    "page-8d57c3d2-8e50-4161-871f-bfa7b8c0fdb6.png": 0.02945619335347432,
    "page-961a543b-d09d-4fd8-944a-1a38d67bb3bc.png": 0.5302013422818792,
    "page-b13fef06-6ae9-4b2d-a948-0340e03f97ce.png": 0.3130434782608696,
    "page-b9d507e7-1239-42de-b70a-d7ca65393dc9.png": 0.8057366362451108,
    "page-c1c135ad-427e-482b-b01c-05c0ccbc6e76.png": 0.7443736730360934,
    "page-d43b98f8-6a96-44f8-a3cf-65de9397f582.png": 0.9610231425091352,
    "page-e4053f20-e6e6-430e-83ef-db298a3199aa.png": 0.42701525054466233,
    "page-f8fad378-8ee9-4bb0-b195-35a4d55f3113.png": 0.71875,
    "scihub_fmicb.2019.01892.pdf_2.jpg": 0.5707865168539326,
    "scihub_jee%2Ftoaa103.pdf_2.jpg": 0.8108044350082567,
    "yanbaopptmerge_6ffacf656934424ef14b39750f1d93926693dd8b7fa925859f1349d253ba2566.pdf_2.jpg": 0.9821649060227741,
    "yanbaopptmerge_9882208cc25205150eeb522e78541631.pdf_501.jpg": 0.9329850746268656,
    "yanbaopptmerge_yanbaoPPT_1120.jpg": 0.0,
    "yanbaopptmerge_yanbaoPPT_1745.jpg": 0.0,
    "yanbaopptmerge_yanbaoPPT_3930.jpg": 0.0,
    "yanbaopptmerge_yanbaoPPT_455.jpg": 0.319672131147541,
    "yanbaopptmerge_yanbaoPPT_5175.jpg": 0.0,
    "yanbaopptmerge_yanbaoPPT_5940.jpg": 0.0,
    "yanbaopptmerge_yanbaoPPT_840.jpg": 0.0,
    "yanbaor2_0ef01b835238626f3589faa671abdfb832f2b98987eadad53cb2e35699dcc039.pdf_18.jpg": 0.8520710059171598,
    "yanbaor2_46d1322f4302f190a3c973320545b892f3a83f0931f1e3ac158069c324049979.pdf_8.jpg": 0.3818413237165889,
    "yanbaor2_9be04f6bcbe2c6afc83f0751eb05e361872f9673ccd4bec49cf844c66f34bff0.pdf_19.jpg": 0.9367991845056065,
    "yanbaor2_ey-how-can-all-benefit-from-green-leadership-by-the-few.pdf_21.jpg": 0.06853146853146853,
    "yanbaor2_ey-icl-barking-and-dagenham-case-study.pdf_10.jpg": 0.1942800788954635
}