{
    "PPT_1001115_eng_page_003.png": 0.0,
    "PPT_8076_MEYER_Chapter_2_-_Language_Change_page_021.png": 0.3333333333333333,
    "PPT_Catalysis.ppt_page_016.png": 1.0,
    "PPT_MMAT5390Lecture1_page_024.png": 0.4,
    "PPT_all655920_page_008.png": 0.0,
    "PPT_english-studies-s6-on-the-road-resource-3_page_003.png": 0.0,
    "PPT_linear-algebra primer_page_007.png": 0.25,
    "book_en_40.Puzzles.and.Problems.in.Probability.and.Mathematical.Statistics,.Schwarz,.Springer,.2008_page_064.png": 0.0,
    "book_en_国外数学教材-An Excursion through Elementary Mathematics（初等数学漫游）-An excursion through elementary mathematics, Vol.3 (Caminha Muniz Neto A)_0100.png": 0.0,
    "book_en_国外数学教材-非数学专业教材-线性代数-Gilbert Strang—Linear Algebra and Its Applications 4e_0017.png": 0.0,
    "book_en_搬书匠-3396-iPhone The Missing Manual 10th Edition-2017-英文版_page_099.png": 0.0,
    "book_zh_GB149361994_extracted_page_7.png": 0.5,
    "color_textbook_zhonggaokao_小学_13.人教新起点英语（4-5年级）_人教新起点四年级英语上册_课本_人教新起点英语4A电子课本_page_072.png": 0.0,
    "color_textbook_教材全解1+1二年级上册英语上海牛津版_page_030.png": 0.7272727272727273,
    "docstructbench_00039896.1983.10545823.pdf_1.jpg": 0.1111111111111111,
    "docstructbench_dianzishu_zhongwenzaixian-o.O-61520612.pdf_140.jpg": 1.0,
    "docstructbench_dianzishu_zhongwenzaixian-o.O-63677793.pdf_332.jpg": 1.0,
    "docstructbench_dianzishu_zhongwenzaixian-o.O-63686436.pdf_57.jpg": 0.4166666666666667,
    "docstructbench_enbook-zlib-o.O-19221575.pdf_1173.jpg": 0.23529411764705882,
    "docstructbench_llm-raw-scihub-o.O-ajhb.10190.pdf_5.jpg": 0.0,
    "docstructbench_llm-raw-scihub-o.O-chin.201023119.pdf_1.jpg": 0.6666666666666666,
    "docstructbench_llm-raw-scihub-o.O-j.1365-2818.2003.01210.x.pdf_7.jpg": 0.0,
    "docstructbench_llm-raw-scihub-o.O-j.ergon.2006.10.025.pdf_6.jpg": 0.5714285714285714,
    "docstructbench_llm-raw-scihub-o.O-s00128-008-9367-z.pdf_4.jpg": 0.625,
    "docstructbench_llm-raw-scihub-o.O-s0167-8655%2800%2900107-0.pdf_6.jpg": 0.25,
    "docstructbench_llm-raw-the-eye-o.O-Character%20Sheet%20-%20Form%20Fillable.pdf_2.jpg": 1.0,
    "eastmoney_0022ae8eddb0de117978289e16ba7fe995dddd3f64aca9e147bb07c848c84aa6.pdf_8.jpg": 0.375,
    "eastmoney_7f55aa1223310144165074707803522240cf20120b15f5d78fdf61eb4dcefba3.pdf_2.jpg": 0.3333333333333333,
    "eastmoney_d2bb183f5254ede5760932ac3118524aa7eddad551935713b435541f1525c1ee.pdf_3.jpg": 0.75,
    "eastmoney_fdae27854b0cffed1364e2a4457189b2a10ad0b058242ee3c8c9ee8993d7f5c0.pdf_1.jpg": 0.5,
    "exam_paper_en-file-putnam-archive_1996_Solutions_1996s_page_002.png": 0.5625,
    "exam_paper_en-file-putnam-archive_2002_Solutions_2002s_page_001.png": 0.6,
    "exam_paper_en-file-putnam-archive_2007_Solutions_2007s_page_004.png": 0.7878787878787878,
    "exam_paper_en-file-putnam-archive_2013_Problems_2013_page_002.png": 0.2222222222222222,
    "jiaocaineedrop_20608808.pdf_0.jpg": 0.7037037037037037,
    "jiaocaineedrop_Chap11.pdf_10.jpg": 0.0,
    "jiaocaineedrop_chap10.pdf_8.jpg": 0.0,
    "jiaocaineedrop_jiaocai_needrop_en_1249.jpg": 0.0,
    "jiaocaineedrop_jiaocai_needrop_en_1276.jpg": 0.3333333333333333,
    "jiaocaineedrop_jiaocai_needrop_en_1564.jpg": 0.6666666666666666,
    "jiaocaineedrop_jiaocai_needrop_en_1836.jpg": 0.8787878787878788,
    "jiaocaineedrop_jiaocai_needrop_en_2374.jpg": 0.7058823529411765,
    "jiaocaineedrop_jiaocai_needrop_en_2718.jpg": 0.35714285714285715,
    "jiaocaineedrop_jiaocai_needrop_en_2884.jpg": 0.3,
    "jiaocaineedrop_jiaocai_needrop_en_377.jpg": 0.875,
    "jiaocaineedrop_jiaocai_needrop_en_541.jpg": 0.5,
    "jiaocaineedrop_jiaocai_needrop_en_669.jpg": 0.36363636363636365,
    "magazine_TheEconomist.2023.11.18_page_082.png": 0.5882352941176471,
    "magazine_TheEconomist.2023.12.16_page_037.png": 0.7,
    "magazine_TheEconomist.2024.03.02_page_032.png": 0.35714285714285715,
    "newspaper_019d4d5296ba8f1c21277d72fb0cf0db_1.jpg": 0.958904109589041,
    "newspaper_2a6b4fa088699701a6fa9ccecfb5c25d_1.jpg": 0.84,
    "newspaper_2a6b4fa088699701a6fa9ccecfb5c25d_9.jpg": 0.8461538461538461,
    "newspaper_5e266dfd9c498cab274e12a7b4a75755_1.jpg": 0.8431372549019608,
    "newspaper_9bb9e05d38b370251a4b0a8d070d1d55_1.jpg": 0.9272727272727272,
    "newspaper_The Globe and Mail - 2025-1-8@magazinesclubnew_page_027.png": 0.8717948717948718,
    "newspaper_TheGuardianUS-2025-1-8@magazinesclubnew_page_015.png": 0.9111111111111111,
    "newspaper_bd75af5f4791aa56ef05ce2443e8a7e0_1.jpg": 0.8771929824561403,
    "newspaper_e567840b2e327602422573ccdc1c4275_1.jpg": 0.7719298245614035,
    "notes_1ba14cb325bc448f7201b20502ecf2b5_10.jpg": 0.0,
    "notes_1ba14cb325bc448f7201b20502ecf2b5_126.jpg": 1.0,
    "notes_1ba14cb325bc448f7201b20502ecf2b5_55.jpg": 0.14285714285714285,
    "notes_1ba14cb325bc448f7201b20502ecf2b5_96.jpg": 1.0,
    "notes_f7f010b78016aeebd76e56d9283eb67f_115.jpg": 0.3333333333333333,
    "notes_f7f010b78016aeebd76e56d9283eb67f_45.jpg": 0.0,
    "notes_f7f010b78016aeebd76e56d9283eb67f_72.jpg": 0.5882352941176471,
    "page-07088b2f-f9d6-4c38-9c97-d7f98bc3d556.png": 0.4523809523809524,
    "page-0a262e27-b24d-4429-9b21-90563d4fada7.png": 0.15789473684210525,
    "page-1f03d0f2-1166-4b9b-9609-94bf8bfd29b2.png": 0.25,
    "page-39abce32-298b-42ab-8c46-b4fbfbcaa674.png": 0.14285714285714285,
    "page-47977c29-59ca-4534-9a00-becad3bfdaa4.png": 0.2222222222222222,
    "page-52875b3d-f4dc-44c2-a9bb-514b0763833d.png": 0.6842105263157895,
    "page-573c437e-c309-4483-a038-ef2f440b104a.png": 0.4,
    "page-66aa2b38-32c0-4222-839a-50df648218df.png": 0.5,
    "page-8cbbe0d4-a3a8-4533-a620-048bebfa714b.png": 0.38095238095238093,
    "page-8d57c3d2-8e50-4161-871f-bfa7b8c0fdb6.png": 0.13333333333333333,
    "page-961a543b-d09d-4fd8-944a-1a38d67bb3bc.png": 0.0,
    "page-b13fef06-6ae9-4b2d-a948-0340e03f97ce.png": 0.3333333333333333,
    "page-b9d507e7-1239-42de-b70a-d7ca65393dc9.png": 0.25,
    "page-c1c135ad-427e-482b-b01c-05c0ccbc6e76.png": 0.46153846153846156,
    "page-d43b98f8-6a96-44f8-a3cf-65de9397f582.png": 0.8260869565217391,
    "page-e4053f20-e6e6-430e-83ef-db298a3199aa.png": 0.5652173913043478,
    "page-f8fad378-8ee9-4bb0-b195-35a4d55f3113.png": 0.4,
    "scihub_fmicb.2019.01892.pdf_2.jpg": 0.14285714285714285,
    "scihub_jee%2Ftoaa103.pdf_2.jpg": 0.6666666666666666,
    "yanbaopptmerge_6ffacf656934424ef14b39750f1d93926693dd8b7fa925859f1349d253ba2566.pdf_2.jpg": 0.6,
    "yanbaopptmerge_9882208cc25205150eeb522e78541631.pdf_501.jpg": 0.4,
    "yanbaopptmerge_yanbaoPPT_1120.jpg": 0.0,
    "yanbaopptmerge_yanbaoPPT_1745.jpg": 0.0,
    "yanbaopptmerge_yanbaoPPT_3930.jpg": 0.0,
    "yanbaopptmerge_yanbaoPPT_455.jpg": 0.0,
    "yanbaopptmerge_yanbaoPPT_5175.jpg": 0.0,
    "yanbaopptmerge_yanbaoPPT_5940.jpg": 0.0,
    "yanbaopptmerge_yanbaoPPT_840.jpg": 0.0,
    "yanbaor2_0ef01b835238626f3589faa671abdfb832f2b98987eadad53cb2e35699dcc039.pdf_18.jpg": 0.3333333333333333,
    "yanbaor2_46d1322f4302f190a3c973320545b892f3a83f0931f1e3ac158069c324049979.pdf_8.jpg": 0.3333333333333333,
    "yanbaor2_9be04f6bcbe2c6afc83f0751eb05e361872f9673ccd4bec49cf844c66f34bff0.pdf_19.jpg": 0.5454545454545454,
    "yanbaor2_ey-how-can-all-benefit-from-green-leadership-by-the-few.pdf_21.jpg": 0.0,
    "yanbaor2_ey-icl-barking-and-dagenham-case-study.pdf_10.jpg": 0.0
}